<?xml version="1.0" encoding="UTF-8"?>
<EmailTemplate xmlns="http://soap.sforce.com/2006/04/metadata">
    <apiVersion>45.0</apiVersion>
    <available>true</available>
    <encodingKey>ISO-8859-1</encodingKey>
    <name>Docketing Rules Updation Alert</name>
    <packageVersions>
        <majorNumber>1</majorNumber>
        <minorNumber>7</minorNumber>
        <namespace>sf_com_apps</namespace>
    </packageVersions>
    <style>none</style>
    <type>visualforce</type>
    <uiType>Aloha</uiType>
</EmailTemplate>
